Patient_id,Patient_name,Guardian_name,Age,Gender,Phone_no,House_address,Pincode,Blood_group,Emergency_contact,Aadhar_card_no,Email
P3762059,Haroun Wilman,Tristan McGregor,16,Male,8576998499,4 Sauthoff Hill,441396,A+,9149985860,3.28E+15,tmcgregor0@nyu.edu
P7578993,Errol Watford,Tobit Matchell,47,Male,2953081587,136 Lunder Street,927887,B+,3948871009,4.10E+15,tmatchell1@histats.com
P3661079,Modestia Demetr,Darda Wasling,37,Female,8375650560,0451 Susan Avenue,472684,A-,8508906428,3.24E+15,dwasling2@bbb.org
P1822809,Sloan Simison,Emanuele Maddicks,18,Male,5181638448,0 Prairieview Park,975984,O-,7765962673,8.20E+15,emaddicks3@vistaprint.com
P6465494,Kizzee Kopisch,Camel Brach,64,Female,5438490413,9062 5th Street,692992,AB-,8838540485,7.74E+15,cbrach4@whitehouse.gov
P1748989,Jessie Bucham,Flynn MacTerlagh,61,Male,7696184292,918 Arizona Hill,305174,B+,6543704588,6.82E+14,fmacterlagh5@barnesandnoble.com
P5883221,Finley Czapla,Mitchael Markwell,39,Male,1636710938,81778 Crownhardt Pass,324025,B+,7597210370,8.65E+15,mmarkwell6@nasa.gov
P9472604,Xerxes Tendahl,Hubey Quaintance,66,Male,4231562840,1 Sauthoff Street,37905,AB+,2226736204,7.90E+15,hquaintance7@google.co.uk
P1971106,Hilary Teague,Rayner Gashion,50,Male,6211774996,9650 Oneill Pass,101449,AB-,7899828808,5.13E+15,rgashion8@answers.com
P2315779,Amalie Goymer,Nadya Ciraldo,60,Female,9781394173,50 Talisman Road,566424,O+,9616084162,1.47E+15,nciraldo9@macromedia.com
P1226728,Dru Trayhorn,Salomo Standering,44,Male,7713663084,02 Morningstar Terrace,3310,O+,3429094012,4.09E+15,sstanderinga@google.com.au
P5905776,Fremont Ashmole,Padriac Ander,51,Male,1848656464,21 Green Ridge Pass,882574,A+,8533213317,3.08E+15,panderb@weibo.com
P5822351,Doretta Batie,Candi Corinton,35,Female,2489098307,97 Muir Road,26417,O+,5826055956,4.94E+15,ccorintonc@ning.com
P0162098,Orelia Sharman,Isabella Rodden,79,Polygender,2704710744,9335 Hazelcrest Avenue,723481,O-,2957808444,6.97E+15,iroddend@macromedia.com
P5099866,Ilaire Weson,Dov Kenrick,66,Male,6964064066,24082 Dunning Drive,104802,AB+,4025305164,3.91E+15,dkenricke@go.com
P9124832,Rasia Pales,Dennie Bulman,26,Female,7939563197,3719 Sundown Road,971666,A-,7529779640,5.15E+15,dbulmanf@nymag.com
P9017191,Dore Saffer,Florie Feron,79,Female,7638993487,83477 Debs Road,162893,B-,1176096414,6.51E+15,fferong@nymag.com
P5677442,Heda Peirson,Isadora Krause,73,Genderqueer,1898770813,64 Independence Place,420531,A+,8407116302,5.67E+15,ikrauseh@cam.ac.uk
P8532522,Stacy Goad,Chrissie Folini,55,Male,2028030447,26512 Hoard Avenue,159464,O-,2186825243,1.29E+15,cfolinii@tumblr.com
P9553831,Marsiella Chadwen,Guinevere Clues,20,Female,3258773227,53264 Buell Point,370861,O-,6567355123,9.33E+15,gcluesj@yandex.ru
P3010751,Westbrooke Stripling,Godfry Dyball,19,Male,4285092317,1871 Fair Oaks Road,77095,O+,6701280411,7.87E+15,gdyballk@businessweek.com
P5379130,Daryl Lack,Binni Dyster,64,Female,7771684310,76 Pearson Trail,364667,B-,3302249327,6.12E+15,bdysterl@squarespace.com
P4476133,Ainsley Tomczak,Sabra Mayell,39,Female,2367809862,65 Waubesa Point,875047,O-,3556852441,6.67E+15,smayellm@google.co.uk
P2456839,Gerrard Foffano,Jeremias Haythornthwaite,49,Male,1288843011,4019 Melrose Court,623124,A+,2337813676,6.49E+15,jhaythornthwaiten@privacy.gov.au
P9601757,Berry Limmer,Ann Sleightholme,20,Female,9414081152,33300 Judy Park,873357,O+,3736326417,8.06E+15,asleightholmeo@jiathis.com
P4439966,Davey Kirkby,Kimble Burt,73,Male,3999262442,258 Dryden Alley,592633,A+,4331139683,1.55E+15,kburtp@msu.edu
P0012049,Courtney Rowcastle,Henriette Caccavella,60,Female,4551739461,380 4th Drive,286606,B-,8514991127,5.61E+15,hcaccavellaq@webmd.com
P8138863,Shermie Mapston,Garey Faircloth,49,Male,9178995105,0692 Melrose Place,649884,O+,5846655258,2.13E+15,gfairclothr@myspace.com
P4721857,Merrill Rawdall,Bernadette Flipsen,77,Female,5327344768,6 Kim Plaza,14946,B+,3141834346,2.39E+14,bflipsens@hubpages.com
P0498846,Staford Devoy,Mariejeanne Hallex,18,Male,4096323467,52160 Nova Avenue,336633,AB+,5615188443,5.50E+15,wtuet@census.gov